"Corr_int_SCL_cases.eps","Corr_int_SCL_cases.m1","Corr_int_SCL_cases.m2","Corr_int_SCL_cases.m3","Corr_int_SCL_cases.m4","Corr_int_SCL_cases.m5","Corr_int_SCL_cases.m6","Corr_int_CL_cases.eps","Corr_int_CL_cases.m1","Corr_int_CL_cases.m2","Corr_int_CL_cases.m3","Corr_int_CL_cases.m4","Corr_int_CL_cases.m5","Corr_int_CL_cases.m6","Corr_int_SCL_cases_icovid.eps","Corr_int_SCL_cases_icovid.m1","Corr_int_SCL_cases_icovid.m2","Corr_int_SCL_cases_icovid.m3","Corr_int_SCL_cases_icovid.m4","Corr_int_SCL_cases_icovid.m5","Corr_int_SCL_cases_icovid.m6","Corr_int_SCL_deaths.eps","Corr_int_SCL_deaths.m1","Corr_int_SCL_deaths.m2","Corr_int_SCL_deaths.m3","Corr_int_SCL_deaths.m4","Corr_int_SCL_deaths.m5","Corr_int_SCL_deaths.m6","Corr_int_CL_deaths.eps","Corr_int_CL_deaths.m1","Corr_int_CL_deaths.m2","Corr_int_CL_deaths.m3","Corr_int_CL_deaths.m4","Corr_int_CL_deaths.m5","Corr_int_CL_deaths.m6"
0.01,0.0505812557868386,0.00809300092589417,0.00161174170981791,0.000240046637632454,0,0,0.01,0.0272692681689426,0.00211389675728237,0.000211389675728237,8.4555870291295e-05,4.22779351456475e-05,0,0.01,0.0542656406825025,0.00883238541318167,0.00173971227835396,0.000267648042823687,0,0,0.01,0.0169988993518405,0.00281276751864987,0.000448412213118095,0.000122294239941299,4.07647466470996e-05,0,0.01,0.0285490371697268,0.00291088222122705,0.00026123301985371,3.73190028362442e-05,0,0
0.0105713706482118,0.0528445526559446,0.00919035698364254,0.00192037310105963,0.000308631391241727,0,0,0.0105713741673806,0.0287489958990403,0.00232528643301061,0.000253667610873885,0.000126833805436942,4.22779351456475e-05,0,0.0105713706482118,0.0565741050518568,0.0100033456005353,0.00204081632653061,0.000334560053529609,0,0,0.010571389559328,0.0169988993518405,0.00281276751864987,0.000448412213118095,0.000122294239941299,4.07647466470996e-05,0,0.0105713741673806,0.0301164352888491,0.00332139125242574,0.000298552022689954,3.73190028362442e-05,0,0
0.0111753877381874,0.0568910531188917,0.0102534206645863,0.00219471211549673,0.000411508521655636,0,0,0.0111753951786761,0.030228723629138,0.0024943981735932,0.000253667610873885,0.000126833805436942,8.4555870291295e-05,0,0.0111753877381874,0.0608230177316828,0.0112077617932419,0.0023084643693543,0.000434928069588491,0,0,0.0111754277215069,0.0169988993518405,0.00281276751864987,0.000448412213118095,0.000122294239941299,4.07647466470996e-05,0,0.0111753951786761,0.0318704284221526,0.00365726227795193,0.000447828034034931,3.73190028362442e-05,0,0
0.0118139165917861,0.0595658585096533,0.0119680395048181,0.00257192826034772,0.000480093275264909,6.85847536092727e-05,0,0.0118139283902126,0.0314547837483617,0.00287489958990403,0.000253667610873885,0.000126833805436942,8.4555870291295e-05,0,0.0118139165917861,0.0637671462027434,0.0131147540983607,0.00274339243894279,0.000535296085647374,6.69120107059217e-05,0,0.0118139799936163,0.0350169173698585,0.00383188618482736,0.000489176959765195,0.000122294239941299,8.15294932941992e-05,4.07647466470996e-05,0.0118139283902126,0.0333258695327661,0.0042170473204956,0.000522466039707419,3.73190028362442e-05,0,0
0.012488929109883,0.0628236343060938,0.0129625184321525,0.00308631391241727,0.000685847536092727,0.000171461884023182,0,0.0124889457399578,0.0334418467002072,0.00317084513592356,0.000295945546019532,0.000126833805436942,8.4555870291295e-05,4.22779351456475e-05,0.012488929109883,0.0673803947808632,0.0143526262964202,0.00334560053529609,0.000736032117765139,0.000167280026764804,0,0.0124890184758625,0.0350169173698585,0.00383188618482736,0.000489176959765195,0.000122294239941299,8.15294932941992e-05,4.07647466470996e-05,0.0124889457399578,0.035303776683087,0.00470219435736677,0.00070906105388864,3.73190028362442e-05,0,0
0.0132025098619815,0.0665615033777991,0.0142656287507287,0.00366928431809609,0.00106306368094373,0.000240046637632454,0,0.0132025318373208,0.0360208007440917,0.00359362448738004,0.000380501416310827,0.000126833805436942,8.4555870291295e-05,4.22779351456475e-05,0.0132025098619815,0.0714620274339244,0.0158916025426564,0.00398126463700234,0.00110404817664771,0.000234192037470726,0,0.0132026279521987,0.0350169173698585,0.00672618319677143,0.000774530186294892,0.000163058986588398,8.15294932941992e-05,4.07647466470996e-05,0.0132025318373208,0.0379161068816241,0.00507538438572921,0.000821018062397373,3.73190028362442e-05,0,0
0.0139568625237679,0.0701279105654813,0.016220294228593,0.004526593738212,0.00130311031857618,0.000308631391241727,0,0.0139568904009072,0.0380078636959371,0.00393184796854522,0.000380501416310827,0.000126833805436942,8.4555870291295e-05,4.22779351456475e-05,0.0139568625237679,0.075242556038809,0.0180662428905989,0.00495148879223821,0.00133824021411843,0.000301104048176648,0,0.0139570123289565,0.0350169173698585,0.00672618319677143,0.000774530186294892,0.000163058986588398,8.15294932941992e-05,4.07647466470996e-05,0.0139568904009072,0.0400059710404538,0.00544857441409166,0.000895656068069861,3.73190028362442e-05,0,0
0.0147543166824887,0.0754089365933953,0.0186550529817222,0.00545248791193718,0.00157744933301327,0.000445800898460272,6.85847536092727e-05,0.0147543510641113,0.0409673191561324,0.00448146112543863,0.000380501416310827,0.000126833805436942,8.4555870291295e-05,4.22779351456475e-05,0.0147543166824887,0.0806958849113416,0.0207427233188357,0.00612244897959184,0.00167280026764804,0.000434928069588491,6.69120107059217e-05,0.0147545014413743,0.0350169173698585,0.00672618319677143,0.00110064815947169,0.000244588479882598,8.15294932941992e-05,4.07647466470996e-05,0.0147543510641113,0.0428795342588446,0.00634423048216152,0.00100761307657859,3.73190028362442e-05,0,0
0.0155973350311683,0.0795926065635609,0.0206440108363911,0.00637838208566236,0.00198895785466891,0.000582970405678818,0.000102877130413909,0.015597376569561,0.0436731070054539,0.0049887963471864,0.000465057286602122,0.000126833805436942,8.4555870291295e-05,4.22779351456475e-05,0.0155973350311683,0.0851789896286383,0.0229173636667782,0.00715958514553362,0.00220809635329542,0.000602208096353295,0.000100368016058883,0.0155975582490434,0.0350169173698585,0.00672618319677143,0.00110064815947169,0.000285353226529697,8.15294932941992e-05,4.07647466470996e-05,0.015597376569561,0.0455291834602179,0.00697865353037767,0.00134348410210479,3.73190028362442e-05,0,0
0.0164885209738818,0.0847021707074517,0.0233531086039573,0.00775007715784781,0.00243475875312918,0.000720139912897363,0.000171461884023182,0.0164885703746364,0.0466325624656492,0.00536929776349723,0.000591891092039065,0.000126833805436942,8.4555870291295e-05,4.22779351456475e-05,0.0164885209738818,0.0904984944797591,0.0259953161592506,0.00859819337571094,0.00267648042823687,0.0007694881231181,0.000200736032117765,0.0164887864424947,0.0350169173698585,0.00839753780930252,0.00118217765276589,0.000285353226529697,8.15294932941992e-05,4.07647466470996e-05,0.0164885703746364,0.0486639796984625,0.0077623525899388,0.00149276011344977,3.73190028362442e-05,0,0
0.0174306266655719,0.0898117348513425,0.02640513013957,0.00936181886766572,0.00329206817324509,0.000857309420115908,0.000171461884023182,0.0174306846915468,0.0492537944446793,0.00634169027184712,0.000634169027184712,0.000126833805436942,8.4555870291295e-05,4.22779351456475e-05,0.0174306266655719,0.0959518233522917,0.0291736366677819,0.0102040816326531,0.00351288056206089,0.000936768149882904,0.000234192037470726,0.0174309384844178,0.0528718764012882,0.0095797154620684,0.00158982511923688,0.000285353226529697,8.15294932941992e-05,4.07647466470996e-05,0.0174306846915468,0.0514255859083445,0.00865800865800866,0.00167935512763099,0.000111957008508733,0,0
0.0184265615112365,0.0955728541545214,0.0291828126607455,0.0109735605774836,0.00418366997016563,0.00126881794177154,0.000308631391241727,0.0184266289867974,0.0526783071914768,0.00706041516932313,0.000718724897476007,0.000126833805436942,8.4555870291295e-05,4.22779351456475e-05,0.0184265615112365,0.101940448310472,0.0321846771495483,0.0119103379056541,0.00451656072264972,0.00133824021411843,0.000368016058882569,0.0184269241103463,0.0528718764012882,0.011862541274306,0.00175288410582528,0.000366882719823896,8.15294932941992e-05,4.07647466470996e-05,0.0184266289867974,0.0548216151664428,0.00992685475444096,0.00197790715032094,0.000223914017017465,3.73190028362442e-05,0
0.0194794011507355,0.102122698124207,0.0320290799355303,0.0126538870409108,0.00514385652069545,0.001886080724255,0.00065155515928809,0.0194794789662937,0.0553418171056526,0.00769458419650784,0.000887836638058597,0.000126833805436942,8.4555870291295e-05,4.22779351456475e-05,0.0194794011507355,0.108765473402476,0.0351957176313148,0.0135831381733021,0.00545332887253262,0.00197390431582469,0.000702576112412178,0.0194798193150644,0.0528718764012882,0.011862541274306,0.00191594309241368,0.000448412213118095,8.15294932941992e-05,4.07647466470996e-05,0.0194794789662937,0.0578817733990148,0.0108598298253471,0.00250037319002836,0.00026123301985371,3.73190028362442e-05,0
0.0205923969569629,0.107883817427386,0.0357669490072357,0.0148828915332122,0.00648125921607627,0.00246905112993382,0.00102877130413909,0.020592486073831,0.0584281063712848,0.00866697670485773,0.000930114573204245,0.00016911174058259,8.4555870291295e-05,4.22779351456475e-05,0.0205923969569629,0.114720642355303,0.0391435262629642,0.0160588825694212,0.00679156908665105,0.00254265640682502,0.00107059217129475,0.0205928758524867,0.0528718764012882,0.011862541274306,0.00211976682564918,0.000489176959765195,8.15294932941992e-05,4.07647466470996e-05,0.020592486073831,0.0609419316315868,0.0120540379161069,0.00272428720704583,0.000335871025526198,3.73190028362442e-05,0
0.0217689860767164,0.114227907136244,0.0393333561949179,0.0173862350399506,0.00775007715784781,0.00305202153561263,0.00137169507218545,0.0217690875323042,0.0618948970532279,0.00955481334291633,0.00101467044349554,0.00016911174058259,8.4555870291295e-05,4.22779351456475e-05,0.0217689860767164,0.121278019404483,0.0430244228839077,0.018835731013717,0.00809635329541653,0.00311140849782536,0.00140515222482436,0.0217695312783516,0.0528718764012882,0.0142268965798378,0.00297582650523827,0.000733765439647793,0.000163058986588398,4.07647466470996e-05,0.0217690875323042,0.0648604269293925,0.0134721600238842,0.00313479623824451,0.000373190028362442,3.73190028362442e-05,0
0.0230128020452732,0.121463598642022,0.0436884880491067,0.0197867014162752,0.00874455608518226,0.00349782243407291,0.00154315695620863,0.0230129169586447,0.0651502980594428,0.0106540396567032,0.00143744979495201,0.00016911174058259,8.4555870291295e-05,4.22779351456475e-05,0.0230128020452732,0.128839076614252,0.0477751756440281,0.021378387420542,0.0092338574774172,0.00357979257276681,0.00157243225158916,0.023013419566743,0.0707268354327178,0.0157351922057804,0.00309812074517957,0.000774530186294892,0.000285353226529697,4.07647466470996e-05,0.0230129169586447,0.0683684131959994,0.0154127481713689,0.00332139125242574,0.000522466039707419,3.73190028362442e-05,0
0.024327686007451,0.12921367579987,0.0472206028599842,0.0222214601694043,0.0108020986934604,0.00445800898460272,0.00192037310105963,0.0243278155852691,0.0694203695091532,0.0119646556462182,0.00156428360038896,0.000211389675728237,8.4555870291295e-05,4.22779351456475e-05,0.024327686007451,0.136901973904316,0.0518568082970893,0.0242556038808966,0.0113750418200067,0.00455001672800268,0.00197390431582469,0.0243283823332301,0.0707268354327178,0.0183441359911948,0.00362806245159186,0.000815294932941992,0.000326117973176797,4.07647466470996e-05,0.0243278155852691,0.0726974175250037,0.0169055082848186,0.00391849529780564,0.000746380056724884,7.46380056724884e-05,0
0.025717698579808,0.138266863276294,0.0520558279894379,0.0247248036761428,0.0125853022873015,0.00606975069442063,0.00240046637632454,0.0257178441226912,0.0734367733479897,0.0134866613114615,0.00207161882213673,0.000422779351456475,0.00016911174058259,4.22779351456475e-05,0.025717698579808,0.146135831381733,0.0571428571428571,0.0271662763466042,0.0134158581465373,0.00625627300100368,0.0024757443961191,0.0257184806992849,0.0707268354327178,0.0222983164159635,0.00476947535771065,0.00110064815947169,0.000366882719823896,8.15294932941992e-05,0.0257178441226912,0.0769144648454993,0.0189207344379758,0.00462755635169428,0.00104493207941484,0.000149276011344977,0
0.0271871323906141,0.145674016666095,0.0574054387709612,0.0285998422550667,0.0150200610404307,0.00737286101299681,0.00325777579644045,0.0271872952999338,0.0775377330571175,0.0152623345875787,0.00245212023844755,0.000465057286602122,0.00016911174058259,4.22779351456475e-05,0.0271871323906141,0.153763800602208,0.0630980260956842,0.0317162930746069,0.0161592505854801,0.00762796922047507,0.00334560053529609,0.0271880078346198,0.0707268354327178,0.0222983164159635,0.00582935877053524,0.00150829562594268,0.000407647466470996,8.15294932941992e-05,0.0271872952999338,0.0809449171518137,0.0211598746081505,0.00518734139423795,0.00119420809075981,0.000223914017017465,3.73190028362442e-05
0.0287405253363187,0.153904187099208,0.0635780665957957,0.0331607283700833,0.0173862350399506,0.00898460272281472,0.004149377593361,0.0287407071214668,0.0829070308206147,0.0170802857988416,0.00283262165475838,0.00067644696233036,0.00016911174058259,4.22779351456475e-05,0.0287405253363187,0.16226162596186,0.0696219471395115,0.0369688859150217,0.0190030110404818,0.0095684175309468,0.00424891267982603,0.0287415022161828,0.0896009131303249,0.025804084627614,0.00652235946353593,0.00187517834576658,0.000529941706412295,0.000163058986588398,0.0287407071214668,0.0864308105687416,0.0234363337811614,0.0058217644424541,0.00138080310494104,0.000335871025526198,3.73190028362442e-05
0.0303826745954547,0.162305819416344,0.0704708343335277,0.0376530297314907,0.0201296251843215,0.0105277596790234,0.00552107266554645,0.0303828768816126,0.088149494778675,0.0195746839724348,0.00350906861708874,0.00084555870291295,0.000211389675728237,8.4555870291295e-05,0.0303826745954547,0.170993643358983,0.0771160923385748,0.04192037470726,0.022214787554366,0.0114419538307126,0.00572097691535631,0.0303837616447557,0.0896009131303249,0.0282092046797929,0.00880518527577351,0.00220129631894338,0.000611471199706494,0.000163058986588398,0.0303828768816126,0.0918047469771608,0.0267204060307509,0.0067547395133602,0.0016047171219585,0.000373190028362442,3.73190028362442e-05
0.0321186514432561,0.172490655327321,0.0779122801001337,0.0425568396145537,0.0240046637632454,0.0130653955625664,0.00699564486814581,0.0321188759796983,0.093307402866444,0.0218999704054454,0.00435462732000169,0.00105694837864119,0.000295945546019532,0.000126833805436942,0.0321186514432561,0.181331549013048,0.0847775175644028,0.0471395115423218,0.0267648042823687,0.0143526262964202,0.00739377718300435,0.0321198580624481,0.0896009131303249,0.0307366189719131,0.010639598874893,0.00375035669153316,0.00101911866617749,0.000326117973176797,0.0321188759796983,0.0974772354082699,0.0301164352888491,0.00798626660695626,0.00179131213613972,0.000485147036871175,0.000223914017017465
0.0339538169127384,0.183429923528,0.0861424505332465,0.0489695140770207,0.0283940879942389,0.0156030314461095,0.00867597133157299,0.0339540655817084,0.0983807550839217,0.0246057582547668,0.00511563015262335,0.00126833805436942,0.00033822348116518,0.000126833805436942,0.0339538169127384,0.19220475075276,0.0934426229508197,0.0540983606557377,0.031615925058548,0.0172298427567748,0.00933422549347608,0.0339551532168461,0.0896009131303249,0.0344054461701521,0.0119440707676002,0.00407647466470996,0.00122294239941299,0.000366882719823896,0.0339540655817084,0.103224361845052,0.0336617405582923,0.00981489774593223,0.00238841618151963,0.000746380056724884,0.000335871025526198
0.035893838350608,0.194094852714242,0.0940296971983128,0.0554850656699016,0.0327492198484277,0.0185864682281129,0.0106992215630465,0.0358941131768018,0.103961442523147,0.0280302710015643,0.00608802266097324,0.00152200566524331,0.00050733522174777,0.000126833805436942,0.035893838350608,0.203044496487119,0.101706256273001,0.0612244897959184,0.0363666778186685,0.0203077952492472,0.0116092338574774,0.0358953152201949,0.109127226774286,0.0384411560882149,0.0145530145530146,0.00542171130406425,0.00171211935917818,0.000489176959765195,0.0358941131768018,0.109307359307359,0.0375429168532617,0.0113822958650545,0.00317211524108076,0.000932975070906105,0.000410509031198686
0.0379447069191277,0.205445629436576,0.102122698124207,0.0626178800452659,0.0383388772675834,0.0227701381982785,0.013579781214636,0.0379450100798277,0.109288462351499,0.0309051705914683,0.00735636071534266,0.00190250708155414,0.000634169027184712,0.000126833805436942,0.0379447069191277,0.214519906323185,0.110070257611241,0.0688190030110405,0.0424556707929073,0.0249916359986618,0.0147206423553028,0.0379463360547555,0.109127226774286,0.0434959846724553,0.0173250173250173,0.00648159471688883,0.00199747258570788,0.000570706453059394,0.0379450100798277,0.115315718763995,0.0420585161964472,0.0130989699955217,0.00399313330347813,0.00111957008508733,0.000485147036871175
0.0401127560979866,0.217756592709441,0.111930317890333,0.0701279105654813,0.044785844106855,0.0276053633277322,0.0165289256198347,0.0401130899338887,0.115291929142181,0.0343719612734114,0.00913203399145986,0.00245212023844755,0.000761002832621655,0.000295945546019532,0.0401127560979866,0.226798260287722,0.119973235195718,0.0767815322850452,0.049581799933088,0.0304115088658414,0.01796587487454,0.0401145500783994,0.109127226774286,0.0463902816843993,0.0195263136439607,0.00803065508947862,0.00309812074517957,0.000815294932941992,0.0401130899338887,0.121697268248992,0.0460516494999254,0.0155247051798776,0.00496342737722048,0.00156739811912226,0.000522466039707419
0.0424046812433136,0.230924865402421,0.122080861424505,0.078358080998594,0.050924179554885,0.032063372312335,0.0204039641987586,0.0424050482700925,0.122859679533252,0.0383038092419566,0.010315816175538,0.00304401133048662,0.000972392508349892,0.000380501416310827,0.0424046812433136,0.2401137504182,0.130478420876547,0.085480093676815,0.0561726329876213,0.0354633656741385,0.0225828036132486,0.0424066535875931,0.12747136276548,0.0558069381598793,0.0234804940687294,0.0101096571684807,0.00432106314459256,0.00142676613264849,0.0424050482700925,0.129310344827586,0.050268696820421,0.0182489923869234,0.00589640244812659,0.0019405881474847,0.000746380056724884
0.0448275602642343,0.244058845718597,0.133808854291691,0.0867254209389253,0.0576797777853983,0.0376187373546861,0.0244161722849011,0.0448279631848982,0.131399822432672,0.0428275483025409,0.012598824673403,0.00414323764427345,0.00152200566524331,0.000549613156893417,0.0448275602642343,0.253261960521914,0.142656406825025,0.0943793911007026,0.0637002341920375,0.0420207427233188,0.0273001003680161,0.0448297254981921,0.12747136276548,0.0584158819452937,0.0253556724144959,0.0116179527944234,0.00505482858424035,0.00183441359911948,0.0448279631848982,0.138154948499776,0.0548962531721152,0.0214957456336767,0.00723988655023138,0.00246305418719212,0.00097029407374235
0.0473888754808273,0.256541270875484,0.145674016666095,0.0954699770241075,0.066287164363362,0.0449573059908782,0.0304516306025171,0.047389317198912,0.139178962499472,0.0468016742062318,0.0150086669767049,0.00553840950407982,0.00232528643301061,0.000972392508349892,0.0473888754808273,0.265607226497156,0.154533288725326,0.103813984610238,0.0732017397122783,0.0501840080294413,0.0340247574439612,0.0473912492079127,0.145407851290204,0.0666503607680078,0.0297990297990298,0.0138600138600139,0.00635930047694754,0.00256817903876727,0.047389317198912,0.146253172115241,0.0608672936259143,0.0248917748917749,0.00891924167786237,0.00302283922973578,0.00115688908792357
0.0500965367309782,0.270086759713316,0.159288090257536,0.105209012036624,0.074585919550084,0.0518843661054148,0.0361098727752821,0.0500970203646383,0.147169492241999,0.0511563015262335,0.0177567327611719,0.00722952690990572,0.00321312307106921,0.00122606011922378,0.0500965367309782,0.279023084643694,0.168049514887922,0.113716962194714,0.082067581130813,0.0578454332552693,0.0404148544663767,0.050099135708004,0.145407851290204,0.0748033100974277,0.0342831519302108,0.016795075618605,0.00807141983612572,0.00350576821165056,0.0500970203646383,0.154761904761905,0.0670249290938946,0.0283997611583818,0.0105985968054934,0.00380653828929691,0.00149276011344977
0.0529589057974928,0.285449744521793,0.173725180892288,0.116525496382154,0.0843249545626007,0.0598401975240904,0.043002640513014,0.0529594346945476,0.154990910243944,0.0566947110303133,0.0207161882213673,0.00879381051029468,0.00443918319029299,0.00177567327611719,0.0529589057974928,0.294078287052526,0.182469053195049,0.125092004014721,0.0921043827367012,0.0664436266309803,0.0483104717296755,0.0529617480154949,0.163385104561575,0.0792874322286087,0.0394195100077453,0.0198524316171375,0.0100688924218336,0.00456565162447515,0.0529594346945476,0.162785490371697,0.0743021346469622,0.0322809374533512,0.0132109270040305,0.0048141513658755,0.00201522615315719
0.055984822230903,0.300195466547786,0.188813826686328,0.129865230959158,0.0952642227632797,0.0694077706525839,0.0506841329172525,0.0559853999849019,0.163150551727054,0.0631632351075973,0.0244366465141842,0.0104003720458293,0.00528474189320594,0.00266350991417579,0.055984822230903,0.308765473402476,0.197557711609234,0.13830712612914,0.103211776513884,0.0764469722315156,0.0567079290732687,0.0559879270014763,0.163385104561575,0.088011088011088,0.0454934572581631,0.0242550242550243,0.0128816599404835,0.00591088826382944,0.0559853999849019,0.171144947007016,0.08068368413196,0.0366472607851918,0.0158232572025675,0.00604567845947156,0.00253769219286461
0.0591836306477125,0.317684578718151,0.203731010596344,0.142793457014506,0.106032029079936,0.0806556702445047,0.0602859984225507,0.0591842611150862,0.170971969728998,0.0693780915740075,0.0276920475203991,0.0125565467382573,0.00638396820699277,0.00321312307106921,0.0591836306477125,0.325995316159251,0.212479089996654,0.15152224824356,0.114386082301773,0.088056206088993,0.0668785547005687,0.0591870186951825,0.181525416819534,0.0982838041661571,0.0517304634951694,0.0292690880926175,0.0161836044188985,0.00807141983612572,0.0591842611150862,0.179317808628153,0.088781907747425,0.0414240931482311,0.0189207344379758,0.00779967159277504,0.00339602925809822
0.0625652095883837,0.334590720482837,0.220088474332156,0.157436301910085,0.117451390555879,0.0909776756627002,0.0706765885943555,0.0625658969067528,0.180907284488226,0.0770726757705154,0.0319621189701095,0.0153046125227244,0.00777914006679914,0.00372045829281698,0.0625652095883837,0.342622950819672,0.228604884576782,0.166309802609568,0.126363332218133,0.0992305118768819,0.0778521244563399,0.0625689031482002,0.181525416819534,0.105009987362929,0.0584974114385879,0.033549386490563,0.0194855488973136,0.0104765398883046,0.0625658969067528,0.189617853410957,0.0972533213912524,0.0474697716077026,0.0221301686818928,0.0100761307657859,0.00436632333184057
0.0661400020241859,0.35074242995782,0.235657213401461,0.172627824834539,0.130413908988032,0.101882651486575,0.0808957168821371,0.0661407506319044,0.188940092165899,0.083837145393819,0.036105356614383,0.0180104003720458,0.00951253540777068,0.00477740667145817,0.0661400020241859,0.35864837738374,0.244028103044496,0.181398461023754,0.139310806289729,0.110572097691536,0.0889595182335229,0.0661440249479488,0.200644082997024,0.114304349598467,0.0662019485548897,0.0391749215278627,0.0236027883086707,0.0138600138600139,0.0661407506319044,0.198798328108673,0.107254814151366,0.0538886400955366,0.0260486639796985,0.0123525899387968,0.00570980743394536
0.0699190476071149,0.363739240766778,0.252974863687802,0.187716470628579,0.143616474057817,0.113816398614588,0.0919721545900346,0.0699198622641275,0.198410349638524,0.0913626178497442,0.0412209867670063,0.0209275778970955,0.0112036528135966,0.00570752124466241,0.0699190476071149,0.371629307460689,0.261291401806624,0.196420207427233,0.15242556038809,0.122549347607896,0.10033456005353,0.0699234254746676,0.218376747788512,0.123802535567241,0.0724797195385431,0.0457788104846928,0.0278830867066161,0.0166727813786637,0.0699198622641275,0.208575906851769,0.116211374832064,0.0613897596656217,0.0313852813852814,0.0149276011344977,0.00694133452754142
0.0739140167624779,0.379822365488152,0.269298035046809,0.203833887726758,0.158739412228662,0.126676039916327,0.103597270326806,0.0739149025725805,0.206104933835032,0.0990149241111064,0.0473512873631252,0.024352090643893,0.0129370481545681,0.00697585929903183,0.0739140167624779,0.387554366008699,0.277551020408163,0.21254600200736,0.167614586818334,0.135429909668786,0.112111073937772,0.073918777001535,0.218376747788512,0.130977130977131,0.0797766091883739,0.0507113448289919,0.0318372671313848,0.0199747258570788,0.0739149025725805,0.216860725481415,0.124384236453202,0.0690401552470518,0.0370950888192267,0.0183609493954322,0.00858337065233617
0.0781372467294295,0.394019409485271,0.287232948115634,0.218819656390384,0.17441102842838,0.140838791536641,0.116765543019787,0.078138209164023,0.216970363167463,0.10840062571344,0.054327146662157,0.0281993827421469,0.0151777787172874,0.00820191941825561,0.0781372467294295,0.401505520240883,0.295349615255938,0.227467380394781,0.183138173302108,0.149447975911676,0.12519237203078,0.0781424187432322,0.235049529167176,0.141331376625494,0.0872773225714402,0.05649993885288,0.03766662590192,0.0242550242550243,0.078138209164023,0.228392297357815,0.134796238244514,0.077324973876698,0.043402000298552,0.0226526347216002,0.011009105836692
0.0826017796607576,0.409896779945818,0.302081547272041,0.234285518329275,0.189088165700765,0.154932958403347,0.129933815712767,0.0826028245841934,0.225764173677758,0.117448103834609,0.0602883355176933,0.0328499556081681,0.0180104003720458,0.00976620301864457,0.0826017796607576,0.417096018735363,0.309936433589829,0.242790230846437,0.197724991635999,0.163633322181332,0.138440950150552,0.0826073949642841,0.252782193958665,0.154987566752273,0.0969385675268028,0.0635930047694754,0.0439036321389263,0.0293913823325588,0.0826028245841934,0.238431109120764,0.145096283027318,0.0860576205403792,0.0500074638005672,0.0269816390506046,0.0132855650097029
0.0873214028995793,0.423613730667673,0.316450053153184,0.251568876238812,0.204073934364391,0.169267171907685,0.143582181681012,0.0873225365962011,0.233796981355431,0.126749249566651,0.0681943093899294,0.0385151989176849,0.0215617469242802,0.0122183232570921,0.0873214028995793,0.430612244897959,0.324121779859485,0.259785881565741,0.212579458012713,0.177885580461693,0.152024088323854,0.0873274952648716,0.271574742162977,0.165382577147283,0.107211283681872,0.0713790713790714,0.0498960498960499,0.0345685051567405,0.0873225365962011,0.247760859829825,0.155881474846992,0.0962457083146738,0.058366920435886,0.03239289446186,0.0171294223018361
0.092310691557329,0.436782003360653,0.33002983436782,0.267926339974624,0.220362813346593,0.184458694832139,0.157607763794109,0.0923119207603226,0.241745233162812,0.13647317465015,0.0766498964190589,0.0455333361518623,0.026381431530884,0.0152200566524331,0.092310691557329,0.443660086985614,0.337437269989963,0.276012044161927,0.228805620608899,0.193174974907996,0.166109066577451,0.0923172971685328,0.290448819860585,0.17736741266153,0.117402470343647,0.079002079002079,0.056092291386409,0.0412131588602177,0.0923119207603226,0.256978653530378,0.165733691595761,0.105314226003881,0.0666517390655322,0.0393715479922376,0.0220928496790566
0.0975850535245282,0.451150509241796,0.345358526799492,0.284112341826412,0.237166077980865,0.200576111930318,0.171084667878331,0.0975863854466957,0.250961823024563,0.144886483744134,0.0843867585507124,0.0524246395806029,0.0323003424512747,0.0193210163615609,0.0975850535245282,0.457912345265975,0.352459016393443,0.291903646704583,0.245433255269321,0.208966209434594,0.179491468718635,0.0975922111432808,0.290448819860585,0.188455423749541,0.128653540418246,0.0879703232644409,0.0631038278097102,0.0469609881374587,0.0975863854466957,0.266980146290491,0.175921779370055,0.114718614718615,0.0745633676668159,0.0455665024630542,0.0271682340647858
0.103160777053338,0.463735811529097,0.360481464970337,0.299612496142108,0.25273481705017,0.217516546071808,0.186790576454854,0.103162219419924,0.261404473005538,0.154694964697924,0.094152961569357,0.059485054749926,0.03885342239885,0.0238447554221452,0.103160777053338,0.470424891267983,0.367413850786216,0.307159585145534,0.260856473737036,0.225828036132486,0.195115423218468,0.103168528195181,0.307773837185602,0.203823733235498,0.14153520035873,0.0986914516326281,0.0717867188455424,0.0537687008275244,0.103162219419924,0.277914614121511,0.185885953127332,0.124272279444693,0.0833706523361696,0.0528810270189581,0.0323555754590237
0.109055081058838,0.475600973903501,0.376358835430884,0.313603785878399,0.267686293336991,0.233016700387504,0.203593841089126,0.109056642142544,0.272058512662242,0.163446497273073,0.102566270663341,0.0679829197142012,0.0457870037627362,0.030101889823701,0.109055081058838,0.482234861157578,0.383138173302108,0.320876547340248,0.27547674807628,0.241083974573436,0.211709601873536,0.109063470181377,0.325261913497208,0.219558925441278,0.155109860992214,0.110635522400228,0.0813256695609637,0.0613101789572378,0.109056642142544,0.289184952978056,0.196335273921481,0.134385729213315,0.0922152560083595,0.0606806986117331,0.0381027018958053
0.115286168294376,0.489832310277425,0.390418709920785,0.327800829875519,0.283152155275882,0.24800246905113,0.218819656390384,0.115287856952695,0.283684944827295,0.174438760410942,0.112374751617131,0.0760580053270198,0.0522978057751659,0.0358094110683634,0.115286168294376,0.496487119437939,0.396922047507528,0.334861157577785,0.29073268651723,0.255804616928739,0.226865172298428,0.115295242997949,0.358648241001182,0.236557824793119,0.169540581305287,0.122457298927887,0.0904162080632669,0.0689739513268925,0.115287856952695,0.301724137931034,0.206896551724138,0.145432154052844,0.102813852813853,0.0698984923122854,0.0448201224063293
0.121873281565197,0.50354926099928,0.405713109975652,0.343506738452042,0.297109152635369,0.263914131888481,0.234525564966908,0.121875107280239,0.294465818289435,0.185304189743373,0.122563733987232,0.0863315435674122,0.0606265589988585,0.0426161586268127,0.121873281565197,0.510070257611241,0.412044161927066,0.3502843760455,0.304550016728003,0.27152893944463,0.242355302776848,0.12188309280687,0.373935020993845,0.250825486119604,0.182870653458889,0.13436060494884,0.101381924911337,0.0790836084953732,0.121875107280239,0.313479623824451,0.216524854455889,0.155918793849828,0.113001940588147,0.0794521570383639,0.0527690700104493
0.128836763153958,0.51582593189534,0.421213264291348,0.359384108912589,0.312506429820651,0.277356743595899,0.248756901340832,0.128838736074906,0.307402866444003,0.194351667864541,0.132625882551896,0.0963936921320763,0.0700122606011922,0.0490846827040967,0.128836763153958,0.522281699565072,0.427367012378722,0.366042154566745,0.319739043158247,0.284810973569756,0.256440281030445,0.128847365475715,0.388161917573682,0.269862622803799,0.199095022624434,0.147894500835677,0.112673759732583,0.0893155599037952,0.128838736074906,0.327026421854008,0.228504254366323,0.166965218689357,0.124160322436185,0.0901253918495298,0.0620988207195104
0.136198117641637,0.527108123864065,0.432941257158534,0.374678508967457,0.327423613730668,0.290765062926511,0.262851068207537,0.136200248630022,0.32025535872828,0.20602037796474,0.143618145689764,0.108062402232275,0.0796939077495455,0.0588508857227413,0.136198117641637,0.533456005352961,0.439076614252258,0.38113081298093,0.334493141518903,0.298159919705587,0.270357979257277,0.13620956941369,0.405160816925523,0.286127756715992,0.216705393175981,0.161509926215809,0.125596184419714,0.100403570991806,0.136200248630022,0.340461262875056,0.241230034333483,0.177601134497686,0.135094790267204,0.101880877742947,0.0733691595760561
0.14398007831785,0.537533006412674,0.445732313706663,0.389115599602208,0.343335276568019,0.306368094372621,0.276602311306197,0.143982378995823,0.333995687650615,0.217477698389211,0.153553460448992,0.118589608083541,0.0908552826279964,0.0687016446116772,0.14398007831785,0.543927735028438,0.451656072264972,0.395416527266644,0.350150552024088,0.313583138173302,0.284041485446638,0.143992441998044,0.432636256165668,0.305042599160246,0.232236761648526,0.177978883861237,0.139863845746199,0.111654641066406,0.143982378995823,0.355650097029407,0.253619943275116,0.189729810419466,0.146439767129422,0.113300492610837,0.0851992834751455
0.152206677385656,0.549192414526251,0.457974692225918,0.404409999657076,0.358321045231645,0.321250985905833,0.291107986694558,0.152209160187444,0.34803196211897,0.229146408489409,0.164714835327443,0.130850209275779,0.103538663171691,0.0801589650361476,0.152206677385656,0.555871528939445,0.463867514218802,0.410438273670124,0.364871194379391,0.32813650050184,0.298293743726999,0.152220019796026,0.445477151359504,0.324161265337736,0.250621662386368,0.196526843585667,0.155884391178509,0.126819126819127,0.152209160187444,0.371361397223466,0.266644275264965,0.200962830273175,0.158307210031348,0.124981340498582,0.0963949843260188
0.160903320177656,0.560851822639827,0.469496930832276,0.417852611364494,0.373478275779294,0.335550907033366,0.304859229793217,0.160905998404424,0.364520356825773,0.240941952395045,0.176214433687059,0.142772586986852,0.115249651207035,0.0909821164334334,0.160903320177656,0.567514218802275,0.475443292070927,0.423787219805955,0.379859484777518,0.342221478755437,0.311809969889595,0.160917712799241,0.456891280420692,0.344828991887815,0.269251151604093,0.214626391096979,0.173127879010232,0.14251355427826,0.160905998404424,0.389461113599045,0.279892521271832,0.213502015226153,0.169241677862368,0.13781907747425,0.110165696372593
0.170096863612591,0.571996845101334,0.482082233119578,0.429271972840438,0.387949658790851,0.350330921436165,0.318850519529509,0.170099751490911,0.380205470764808,0.251722825857185,0.186361138122014,0.153976239800448,0.128144421426458,0.103115883820234,0.170096863612591,0.578688524590164,0.488156574105052,0.435162261625962,0.394245567079291,0.357042489126798,0.325828036132486,0.170112382899684,0.478211242917125,0.363703069585423,0.286453874689169,0.232766703354939,0.190249072602014,0.159308629896865,0.170099751490911,0.406777130915062,0.293290043290043,0.226899537244365,0.180773249738767,0.149387968353486,0.12311539035677
0.179815699134703,0.584239223620589,0.495216213435753,0.440999965707623,0.401906656150338,0.364768012070917,0.332670347381777,0.179818811878887,0.400921658986175,0.263306980087093,0.196127341140659,0.164757113262588,0.14103919164588,0.116391155455968,0.179815699134703,0.590833054533289,0.50123787219806,0.446804951488792,0.407895617263299,0.371160923385748,0.339444630311141,0.179832426849812,0.496025437201908,0.383025559496148,0.305531776120011,0.252782193958665,0.207981737393502,0.174310056662998,0.179818811878887,0.429280489625317,0.305717271234513,0.240520973279594,0.192789968652038,0.16226302433199,0.136662188386326
0.190089840392028,0.595384246082096,0.506841329172525,0.454991255443915,0.415623606872192,0.37958231885052,0.347210315146943,0.190093194270554,0.423751743964825,0.276793641398554,0.207500105694838,0.174311926605505,0.153553460448992,0.130977043081216,0.190089840392028,0.602007360321178,0.513081298093008,0.46078956172633,0.421545667447307,0.385848109735698,0.353864168618267,0.190107863962872,0.511516040927806,0.40014675308793,0.325384207737149,0.271697036402919,0.226488932371285,0.190412131588602,0.190093194270554,0.452082400358262,0.320607553366174,0.254067771309151,0.204806687565308,0.174914166293477,0.15103000447828
0.200951015924356,0.605706251500291,0.51952950859024,0.467165049209561,0.428071739652275,0.393539316210007,0.362779054216248,0.200954628330659,0.448611169830466,0.289477021942248,0.218280979156978,0.182852069504925,0.163742442819093,0.143787257430347,0.200951015924356,0.612278353964537,0.525794580127133,0.473001003680161,0.434058213449314,0.399732351957176,0.369253931080629,0.200970428824325,0.520484285190168,0.42248583425054,0.342586930822225,0.290489584607232,0.244629244629245,0.208063266886796,0.200954628330659,0.476600985221675,0.335759068517689,0.267539931333035,0.217719062546649,0.187975817286162,0.165397820570234
0.212432767147108,0.61767429100511,0.530331607283701,0.480333321902541,0.44223449127259,0.408285038236,0.376633174445321,0.212436656675029,0.477486999534943,0.305331247621866,0.228343127721642,0.191265378598909,0.173128144421426,0.155836468946857,0.212432767147108,0.624054867848779,0.536600869856139,0.486149213783874,0.448042823686852,0.414319170291067,0.383037805286049,0.212453669300714,0.533692063103828,0.442052912641148,0.360768007826831,0.30822224939872,0.264033264033264,0.225795931678285,0.212436656675029,0.504776832363039,0.3521421107628,0.281385281385281,0.230444842513808,0.200365726227795,0.179504403642335
0.224570551933735,0.627173279379994,0.541545214498817,0.49127259010322,0.454271115531017,0.42241349747951,0.39179040499297,0.22457473845791,0.505517270536507,0.323003424512747,0.239377668794656,0.198579461379106,0.181372341774828,0.166025451316958,0.224570551933735,0.633522917363667,0.547842087654734,0.497223151555704,0.460120441619271,0.42847106055537,0.398159919705587,0.224593050148649,0.550446373975786,0.461579226285109,0.378256084138437,0.326566385389915,0.283722636663813,0.244221597162774,0.22457473845791,0.534258844603672,0.369905956112853,0.295753097477235,0.242312285415734,0.212718316166592,0.1931631586804
0.237401854116502,0.638112547580673,0.551695758032989,0.500874455608518,0.464455951441994,0.433455642810603,0.404992970062755,0.23740635887802,0.536549274933412,0.341859383587706,0.251004100959709,0.206104933835032,0.187883143787257,0.174776983892107,0.237401854116502,0.644396119103379,0.557945801271328,0.506758113081298,0.470291067246571,0.439411174305788,0.411174305787889,0.237426062543906,0.561004443357385,0.478415066650361,0.399616811381517,0.344828991887815,0.303126656067833,0.26338102808691,0.23740635887802,0.563628899835796,0.389573070607553,0.308777429467085,0.254702194357367,0.223316912972085,0.204433497536946
0.250966299243825,0.648434552998868,0.563149411885738,0.511573677171565,0.475189465381846,0.443469016837557,0.416240869654676,0.250971144941498,0.568257726292648,0.362829239419947,0.264871263687481,0.21418001944785,0.192745106329007,0.18183739906143,0.250966299243825,0.65480093676815,0.569354299096688,0.517564402810304,0.480996988959518,0.449247239879558,0.422214787554366,0.2509923398689,0.572010924952101,0.493375728669846,0.418776242305654,0.36248012718601,0.321185438832498,0.284211813623578,0.250971144941498,0.592775041050903,0.41226302433199,0.324638005672488,0.268435587401105,0.233281086729363,0.214994775339603
0.265305776951651,0.657624909982511,0.574363019100854,0.523953225198038,0.486848873495422,0.454579746922259,0.426048489420802,0.265310987839248,0.602798799306642,0.389083837145394,0.281317380459138,0.223396609309601,0.199298186276582,0.18834820107386,0.265305776951651,0.663834058213449,0.580528604884577,0.529742388758782,0.492572766811643,0.460388089662094,0.432017397122784,0.265333780116139,0.589580530757001,0.505890505890506,0.43907708613591,0.379356732297909,0.339529574823692,0.302963597081244,0.265310987839248,0.624048365427676,0.436184505150022,0.342551127033886,0.283213912524257,0.24354381250933,0.222757127929542
0.280464570326772,0.666883851719763,0.585233702547924,0.535166832413155,0.497822434072906,0.466204862659031,0.437913651795206,0.280470172316605,0.630998182048789,0.41757916543356,0.300004227793515,0.236460491269606,0.205555320678138,0.193717498837357,0.280464570326772,0.673001003680161,0.591401806624289,0.541050518568083,0.503445968551355,0.471963867514219,0.443760455001673,0.280494675285678,0.6001386001386,0.517426929191635,0.457543516367046,0.39859769271534,0.355468590762708,0.321511556805674,0.280470172316605,0.649835796387521,0.461971936109867,0.360800119420809,0.297581728616211,0.255299298402747,0.230929989550679
0.296489492661577,0.677343026645177,0.596858818284695,0.544322897019992,0.508453070882343,0.47573814341072,0.447824148691746,0.296495513434854,0.655477106498119,0.451359235614933,0.320170802857988,0.250327653997379,0.212911681393481,0.199382742146874,0.296489492661577,0.683472733355637,0.603077952492472,0.550418200066912,0.514018066242891,0.481331549013048,0.45356306457009,0.296521848176211,0.614813908931556,0.531572296278179,0.473156414332885,0.417023358199829,0.372263666381313,0.337858220211161,0.296495513434854,0.672786983131811,0.49025974025974,0.382631736080012,0.314114046872668,0.266569637259292,0.23966263621436
0.313430032022581,0.687939371077809,0.608175302630225,0.55539933472789,0.517643427865985,0.48513425465519,0.456191488632077,0.313436501146946,0.681520314547837,0.48644992178582,0.346298566777999,0.267069716315055,0.222593328541834,0.205639876548429,0.313430032022581,0.693944463031114,0.614285714285714,0.561525593844095,0.523318835731014,0.490766142522583,0.461893609902978,0.313464796992264,0.62867392279157,0.546084546084546,0.488647018058783,0.436101259630671,0.390648567119155,0.35404182463006,0.313436501146946,0.696895058964024,0.521421107628004,0.405284370801612,0.332064487236901,0.280041797283177,0.248022092849679
0.33133850407916,0.699427317307363,0.619354617468537,0.566955865711052,0.526799492472823,0.494701827783684,0.465621892253352,0.331345453133898,0.703673952564157,0.523316281232825,0.377119181499176,0.288039572147296,0.235318987020674,0.212827125523189,0.33133850407916,0.705219136835062,0.62542656406825,0.572967547674808,0.532719973235196,0.500535296085647,0.471495483439277,0.331375848214089,0.642615466144878,0.559822265704619,0.501324854266031,0.451917981329746,0.408421996657291,0.371122253475195,0.331345453133898,0.717644424540976,0.555717271234513,0.434094640991193,0.354194655918794,0.29709658157934,0.259964173757277
0.350270213664485,0.712972806145194,0.630979733205308,0.577174993998834,0.538184561571963,0.504372278042591,0.475703851033915,0.35027767637387,0.722149410222805,0.560732253836723,0.414323764427345,0.314294169872743,0.253625332938739,0.221240434617173,0.350270213664485,0.718634994981599,0.636968885915022,0.583104717296755,0.543927735028438,0.5101706256273,0.481565741050519,0.350310318202388,0.656271656271656,0.57470139823081,0.515877868819045,0.466348701642819,0.42558395499572,0.388732624026742,0.35027767637387,0.735147036871175,0.586617405582923,0.464696223316913,0.379049111807732,0.316465144051351,0.273958799820869
0.370283625567561,0.726586879736634,0.644422344912726,0.588251431706732,0.548472274613353,0.515723054764926,0.485442886046432,0.370291637942882,0.74472582759058,0.592525261066249,0.453599966177652,0.343212277512366,0.275017968122437,0.232317253625333,0.370283625567561,0.732084309133489,0.650451656072265,0.594279023084644,0.554165272666444,0.521378387420542,0.491201070592171,0.370326684036959,0.674982674982675,0.58847988259753,0.527984998573234,0.481064775182422,0.440707676001794,0.405364640658758,0.370291637942882,0.756680101507688,0.615576951783848,0.496641289744738,0.407001044932079,0.340237348858039,0.291610688162412
0.391440545083837,0.740509584719317,0.655567367374233,0.600768149240424,0.559377250437228,0.525462089777442,0.496279277116697,0.391449145574643,0.764681012979326,0.619709973364901,0.490170380078637,0.375258952352767,0.29839766625798,0.247706422018349,0.391440545083837,0.745935095349615,0.661659417865507,0.606958849113416,0.565172298427568,0.531080628972901,0.501906992305119,0.391486764116886,0.691614691614692,0.60266601443072,0.541600423953365,0.494109494109494,0.453996983408748,0.419346948758713,0.391449145574643,0.776085982982535,0.643155694879833,0.531870428422153,0.438572921331542,0.366248693834901,0.313330347813106
0.413806308881931,0.754740921093241,0.666918144096567,0.613936421933404,0.571036658550804,0.536367065601317,0.507184252940571,0.413815538537098,0.783494694119139,0.645076734452289,0.526740793979622,0.410561028199383,0.325455544751194,0.268507166110007,0.413806308881931,0.760020073603212,0.673067915690867,0.620073603211777,0.576915356306457,0.541987286717966,0.512746738039478,0.413855909080035,0.708939708939709,0.615751498104439,0.556520321226204,0.506583506583507,0.467408585055644,0.433288492112022,0.413815538537098,0.794260337363786,0.666517390655322,0.56418868487834,0.471637557844454,0.395954620092551,0.337998208687864
0.437449986775932,0.76753197764137,0.678817598847776,0.62611021569905,0.582833236171599,0.548437982236549,0.519392339083022,0.437459889415176,0.802688876675263,0.666257979960259,0.559675305458081,0.449625840273961,0.357629053397032,0.292225087726715,0.437449986775932,0.772599531615925,0.684944797591168,0.632218133154901,0.58892606222817,0.554064904650385,0.52485781197725,0.437503203631488,0.726142432024785,0.629285393991276,0.571236394765807,0.519098283804166,0.479434185316538,0.445069503893033,0.437459889415176,0.812733243767726,0.689281982385431,0.596432303328855,0.505784445439618,0.427190625466488,0.365353037766831
0.462444595026373,0.785123966942149,0.689962621309283,0.639107026508007,0.593360995850622,0.557799801104215,0.528719865573883,0.462455217422876,0.822348116517989,0.685494440451528,0.585422567961781,0.485054749926014,0.392508349892191,0.321946476134106,0.462444595026373,0.789996654399465,0.696152559384409,0.645265975242556,0.599464703914353,0.563700234192038,0.534359317497491,0.462501679904246,0.744241979536097,0.645183645183645,0.585911703558762,0.533855122090416,0.49247890424361,0.45733969263381,0.462455217422876,0.832325720256755,0.709135691894313,0.623003433348261,0.538140020898642,0.459434243917003,0.394947007015973
0.4888673218286,0.807996982270841,0.701004766640376,0.651177943143239,0.60680360755804,0.56767600562395,0.537292959775042,0.488878713903456,0.842810637128483,0.705449625840274,0.609605546865091,0.517312814442143,0.42671119942502,0.353020758466156,0.4888673218286,0.812445633991301,0.707393777183004,0.657343593174975,0.612914018066243,0.57367012378722,0.542990966878555,0.48892854301114,0.764746647099588,0.662182544535486,0.599934776405365,0.549834902776079,0.506379682850271,0.472178060413355,0.488878713903456,0.852179429765637,0.728653530377668,0.646253172115241,0.569264069264069,0.493021346469622,0.425623227347365
0.516799765684878,0.82980693391859,0.714378793594184,0.663351736908885,0.618943108946881,0.580638524056102,0.549603923047906,0.516811980714123,0.863695937090432,0.72802604320805,0.632097408362576,0.545258529573416,0.460744937217266,0.38523654504714,0.516799765684878,0.833723653395785,0.720709267313483,0.669789227166276,0.625359652057544,0.586717965874875,0.555269320843091,0.516865409484542,0.780400309812075,0.678447678447678,0.614773144184909,0.563450328156211,0.519016754310872,0.485304308833721,0.516811980714123,0.871958501268846,0.74820868786386,0.668159426780116,0.597365278399761,0.527093596059113,0.458687863860278
0.546328187396387,0.852542779740064,0.726655464490244,0.675079729776071,0.629505161002709,0.591543499879977,0.558691402901135,0.546341282231407,0.884961738468693,0.749630068067476,0.653828267027438,0.568004058681774,0.490973660846404,0.418044222720162,0.546328187396387,0.855938440950151,0.73288725326196,0.681833389093342,0.636199397791904,0.597959183673469,0.564703914352626,0.546398559340267,0.803880803880804,0.692266927561045,0.632098161509926,0.58004158004158,0.533529004117239,0.497126085361379,0.546341282231407,0.892148081803254,0.767054784296164,0.688274369308852,0.62281683833408,0.557508583370652,0.492685475444096
0.577543776453292,0.873632591474915,0.740029491444052,0.686944892150475,0.643805082130242,0.603305785123967,0.569390624464182,0.577557811755468,0.904198198959963,0.77503910709001,0.676658352006088,0.592567539001395,0.516509533674375,0.446328161332601,0.577543776453292,0.87661425225828,0.746135831381733,0.693743726998996,0.650752760120442,0.610036801605888,0.575677484108397,0.577619202544155,0.82487464840406,0.710692593045534,0.647221882516,0.597937303819657,0.54869348986996,0.510415392768334,0.577557811755468,0.91047171219585,0.786274070756829,0.707456336766682,0.646029258098224,0.583855799373041,0.52474249888043
0.610542932645574,0.897362916223723,0.756935633208738,0.700181749597065,0.655052981722163,0.615856795034464,0.581050032577758,0.610557973136061,0.920728871601911,0.800279034371961,0.702151946898913,0.617807466283347,0.539762398004481,0.471990867966009,0.610542932645574,0.899799263967882,0.762796922047507,0.707025761124122,0.66226162596186,0.623118099698896,0.587888926062228,0.610623760704264,0.844930903754433,0.729240552769965,0.661489543842485,0.613835555012026,0.565733153968448,0.525131466307937,0.610557973136061,0.926220331392745,0.807172712345126,0.727720555306762,0.667935512763099,0.608896850276161,0.552433198984923
0.645427563764259,0.919035698364254,0.777408182161106,0.713727238434896,0.670450258907445,0.628682143959398,0.592640855937725,0.64544367848988,0.937893713271044,0.824673402951,0.729801716484167,0.645837737284911,0.564875491480996,0.497019405572232,0.645427563764259,0.920943459350953,0.782837069253931,0.720508531281365,0.67785212445634,0.636433589829374,0.600368016058883,0.645514164858665,0.865720924544454,0.746973217561453,0.676654029595206,0.628633158044923,0.582079817373935,0.538624597448127,0.64544367848988,0.941894312583968,0.828220629944768,0.747872816838334,0.688572921331542,0.632669055082848,0.576615912822809
0.682305400312434,0.937382119954734,0.797915023490278,0.728095744316039,0.685024519049415,0.64541682384006,0.60680360755804,0.682322662928702,0.954043884496681,0.845305035302076,0.758592990318353,0.675939627108612,0.594723713693823,0.522978057751659,0.682305400312434,0.938842422214788,0.802843760455002,0.734660421545667,0.692305118768819,0.653195048511208,0.615021746403479,0.682398170278522,0.887611593493946,0.766947943418532,0.696669520198932,0.645713586890058,0.600872365578248,0.555215849333496,0.682322662928702,0.956747275712793,0.849492461561427,0.767838483355725,0.708575906851769,0.654202119719361,0.599492461561427
0.721290328197928,0.953362367545695,0.817667432529749,0.743870237646171,0.700764720002743,0.659819622098008,0.622235177120126,0.72130881727028,0.966938654716104,0.863484547414704,0.786369593709043,0.702955227666681,0.625417494609563,0.551896165391282,0.721290328197928,0.954432920709267,0.822114419538307,0.750083640013382,0.707929073268652,0.667815322850452,0.630645700903312,0.72138968925869,0.912885736415148,0.786596551302434,0.715828951123069,0.66450613509437,0.620072561249032,0.57441604500428,0.72130881727028,0.96909986565159,0.869570085087326,0.790304523063144,0.728466935363487,0.675399313330348,0.621809225257501
0.762502740435064,0.965810500325778,0.836631116902713,0.759610438599499,0.716264874318439,0.677788827543637,0.63838688659511,0.762522539759488,0.978184585464846,0.88217139474908,0.810468016742062,0.730858664862808,0.654969771276371,0.582167166955566,0.762502740435064,0.966577450652392,0.840615590498494,0.765473402475744,0.723118099698896,0.685480093676815,0.646871863499498,0.762609142923617,0.932085932085932,0.807671925318984,0.73197179079532,0.681219681219681,0.636663813134401,0.59072194366312,0.762522539759488,0.979698462457083,0.88871473354232,0.813143752798925,0.749328257948948,0.697156291983878,0.644723092998955
0.806069908941631,0.974726518294983,0.85953842460821,0.777579644045129,0.73217653715579,0.694352045540276,0.655601659751037,0.806091107885888,0.985245000634169,0.905170591468313,0.835919333699742,0.763454952860102,0.688665285587452,0.616623684099269,0.806069908941631,0.975276012044162,0.862964202074272,0.783004349280696,0.738708598193376,0.701739712278354,0.663867514218802,0.80618383313508,0.954425013248543,0.827157474216298,0.753495577024989,0.699767640944111,0.656067832538421,0.611226611226611,0.806091107885888,0.986565158978952,0.909352142110763,0.837513061650993,0.772540677713092,0.719883564711151,0.668457978802806
0.852126377579233,0.982030794554371,0.887486711703988,0.793079798360824,0.748019615239532,0.710538047392065,0.673673742327081,0.852149071446007,0.988838625121549,0.929818627658225,0.861920263814315,0.798038303809242,0.724305584915233,0.653405487675982,0.852126377579233,0.982402141184343,0.890230846436935,0.798126463700234,0.754165272666444,0.717597858815657,0.681599197055872,0.85224833565032,0.972972972972973,0.847132200073377,0.773633361868656,0.719457013574661,0.676857853328442,0.634340222575517,0.852149071446007,0.989998507239887,0.928571428571429,0.861173309449171,0.799559635766532,0.745409762651142,0.694842513808031
0.900814377650816,0.988923562292102,0.910736943177532,0.8128664997771,0.762731044888721,0.724803676142794,0.690339837454134,0.900838668064167,0.992981862765823,0.951549486323088,0.885807297171606,0.834059104553334,0.768105525726124,0.699488436984738,0.900814377650816,0.989126798260288,0.912914018066243,0.817430578788893,0.768517898962864,0.731515557042489,0.697892271662763,0.900944915744845,0.981778158248746,0.869226692756105,0.794178794178794,0.740736211324447,0.695772695772696,0.654233418939301,0.900838668064167,0.993730407523511,0.944394685773996,0.884908195253023,0.82769816390506,0.772466039707419,0.722309299895507
0.952284267138503,0.996124961421076,0.933541373752615,0.83683687116354,0.780974589348788,0.742738589211618,0.707005932581187,0.952310262455106,0.997632435631844,0.965797150467171,0.911639115545597,0.865809833847715,0.812877859045364,0.750602460575825,0.952284267138503,0.996152559384409,0.935162261625962,0.840816326530612,0.786316493810639,0.749013047842088,0.714151890264302,0.952423967583469,0.987933634992459,0.891606538665362,0.813990461049285,0.760017936488525,0.71566589213648,0.674819615996087,0.952310262455106,0.997835497835498,0.960665771010599,0.905694879832811,0.855500821018062,0.802619793999104,0.751753993133303
1.00669499503819,0.999451321971126,0.953808168444155,0.866499777099551,0.801344261170742,0.761187887932513,0.72655258735983,1.00672281078493,0.999915444129709,0.974421849236883,0.934426922589101,0.896926394114911,0.855747685283051,0.804887329302837,1.00669499503819,0.999397791903647,0.954934760789562,0.869755771160923,0.806189360990298,0.767012378721981,0.73322181331549,1.00684447869656,0.990827932004403,0.91622844564021,0.832334597040479,0.779788838612368,0.736415148179854,0.69711793241205,1.00672281078493,0.999850723988655,0.974175250037319,0.923757277205553,0.88046723391551,0.834191670398567,0.786796536796537
1.06421459222484,0.999451321971126,0.971022941600082,0.897362916223723,0.824834539281918,0.783717979493159,0.748328246630774,1.06424435156446,0.999915444129709,0.981693654081935,0.953325159599205,0.919714201158415,0.889189531983258,0.850674333065573,1.06421459222484,0.999397791903647,0.971729675476748,0.899866175978588,0.829106724657076,0.788992974238876,0.75446637671462,1.06437452099599,0.990827932004403,0.94252170722759,0.854551383963149,0.800252741429212,0.757205168969875,0.718886307121601,1.06424435156446,0.999850723988655,0.982945215703836,0.942080907598149,0.903455739662636,0.864681295715778,0.821316614420063
1.12502069036444,0.999451321971126,0.985288570350811,0.92500257192826,0.846404444292034,0.804327697952745,0.769143719351188,1.12505252459092,0.999915444129709,0.990910243943686,0.966431319494356,0.939119773390268,0.917177525049677,0.88800574979918,1.12502069036444,0.999397791903647,0.98564737370358,0.926831716293075,0.850150552024088,0.809100033456005,0.774774171963868,1.12519176984717,0.990827932004403,0.962659492071257,0.878928702458114,0.81953446659329,0.776894541600424,0.73788267905915,1.12505252459092,0.999850723988655,0.988020600089566,0.958538587848933,0.923496044185699,0.892110762800418,0.856769667114495
1.18930107047496,0.999451321971126,0.994890435856109,0.94904152806831,0.87507287130071,0.824423030760262,0.788210280854566,1.18933511954068,0.999915444129709,0.997463323891261,0.977550416437661,0.955735001902507,0.938908383714539,0.918995476260939,1.18930107047496,0.999397791903647,0.995015055202409,0.9502843760455,0.878119772499164,0.82870525259284,0.793375710940114,1.18948405280042,0.990827932004403,0.983286453874689,0.903550609432962,0.844156373568138,0.796828502710856,0.760833231421467,1.18933511954068,0.999850723988655,0.993207941483804,0.973802060008957,0.940924018510225,0.915211225556053,0.888975966562173
1.25725424283059,0.999451321971126,0.999005521072665,0.969891293165529,0.910599773670313,0.84719316895854,0.809574431603854,1.25729065590708,0.999915444129709,0.999746332389126,0.987697120872617,0.971546949646979,0.956284615059401,0.944235403542891,1.25725424283059,0.999397791903647,0.999029775844764,0.9706256273001,0.912780194044831,0.850920040147206,0.814218802275008,1.25744992967615,0.990827932004403,0.993966817496229,0.930088459500224,0.866128572010925,0.82079817373935,0.782601606131018,1.25729065590708,0.999850723988655,0.998059411852515,0.983318405732199,0.957120465741155,0.933273622928795,0.913718465442603
1.32909005999991,0.999451321971126,1,0.989403655567367,0.940948527142416,0.878193477589932,0.834813620932067,1.32912899607451,0.999915444129709,1,0.994884369847377,0.984314886060965,0.972815287701349,0.963598697839598,1.32909005999991,0.999397791903647,1,0.989662094345935,0.942388758782201,0.881164268986283,0.838842422214788,1.32929930579562,0.990827932004403,0.997880233174351,0.959724430312666,0.892992540051364,0.843667196608373,0.805429864253394,1.32912899607451,0.999850723988655,1,0.990073145245559,0.972309299895507,0.94932079414838,0.932377966860725
1.40503036491131,0.999451321971126,1,0.998525427797401,0.966393470731456,0.914440519872432,0.867357086519667,1.40507199342186,0.999915444129709,1,0.998985329556504,0.993277808311842,0.986175115207373,0.979326089713778,1.40503036491131,0.999397791903647,1,0.998561391769823,0.967213114754098,0.916527266644363,0.870592171294747,1.40525408025097,0.990827932004403,0.999673882026823,0.976682564917859,0.921201744731156,0.870245811422282,0.830337124454771,1.40507199342186,0.999850723988655,1,0.995223167636961,0.98410210479176,0.96671144947007,0.950067174205105
1.48530967594698,0.999451321971126,1,1,0.990055210726655,0.95000171461884,0.899797674976853,1.48535417745698,0.999915444129709,1,1,0.997209656280387,0.993531475922716,0.991121633619414,1.48530967594698,0.999397791903647,1,1,0.990297758447641,0.951221144195383,0.902241552358648,1.48554883121682,0.990827932004403,0.999673882026823,0.992621580856875,0.952427540662835,0.898740369328605,0.855244384656149,1.48535417745698,0.999850723988655,1,0.99791013584117,0.992013733393044,0.981004627556352,0.967681743543813
1.57017591118109,0.999451321971126,1,1,0.999245567710298,0.982716642090463,0.934638729810363,1.57022347809795,0.999915444129709,1,1,0.999873166194563,0.998393438464465,0.99640637551262,1.57017591118109,0.999397791903647,1,1,0.999263967882235,0.983138173302108,0.936232853797257,1.57043154041974,0.990827932004403,0.999673882026823,0.997798703681057,0.973054502466267,0.933064286005462,0.888916065386654,1.57022347809795,0.999850723988655,1,0.999589490968801,0.996156142707867,0.990520973279594,0.98111658456486
1.6598911539989,0.999451321971126,1,1,1,0.997873872638113,0.97404067075889,1.65994199133792,0.999915444129709,1,1,1,1,0.999661776518835,1.6598911539989,0.999397791903647,1,1,1,0.997925727668116,0.974673803947809,1.66016435900326,0.990827932004403,0.999673882026823,1,0.990624108271167,0.959765195059313,0.921935510170804,1.65994199133792,0.999850723988655,1,1,0.998134049858188,0.995409762651142,0.991043439319301
1.75473246246104,0.999451321971126,1,1,1,1,0.996159253797881,1.75478678865799,0.999915444129709,1,1,1,1,1,1.75473246246104,0.999397791903647,1,1,1,1,0.996252927400468,1.75502441715355,0.990827932004403,0.999673882026823,1,0.997268761974644,0.981696628755452,0.954302719008601,1.75478678865799,0.999850723988655,1,1,0.999813404985819,0.997947454844007,0.995857590685177
1.85499272491251,0.999451321971126,1,1,1,1,1,1.85505077268798,0.999915444129709,1,1,1,1,1,1.85499272491251,0.999397791903647,1,1,1,1,1,1.85530467998627,0.990827932004403,0.999673882026823,1,1,0.994333700216053,0.977864742570625,1.85505077268798,0.999850723988655,1,1,1,0.999738766980146,0.998096730855352
1.96098156447866,0.999451321971126,1,1,1,1,1,1.96104358175731,0.999915444129709,1,1,1,1,1,1.96098156447866,0.999397791903647,1,1,1,1,1,1.96131485233792,0.990827932004403,0.999673882026823,1,1,0.999225469813705,0.992540051363581,1.96104358175731,0.999850723988655,1,1,1,1,1
2.07302629524142,0.999451321971126,1,1,1,1,1,2.07309254612968,0.999915444129709,1,1,1,1,1,2.07302629524142,0.999397791903647,1,1,1,1,1,2.073382335256,0.990827932004403,0.999673882026823,1,1,1,0.998695528107293,2.07309254612968,0.999850723988655,1,1,1,1,1
2.19147293304864,0.999451321971126,1,1,1,1,1,2.19154369887445,0.999915444129709,1,1,1,1,1,2.19147293304864,0.999397791903647,1,1,1,1,1,2.19185323714204,0.990827932004403,0.999673882026823,1,1,1,1,2.19154369887445,0.999850723988655,1,1,1,1,1
2.3166872640781,0.999451321971126,1,1,1,1,1,2.3167628444967,0.999915444129709,1,1,1,1,1,2.3166872640781,0.999397791903647,1,1,1,1,1,2.31709344267026,0.990827932004403,0.999673882026823,1,1,1,1,2.3167628444967,0.999850723988655,1,1,1,1,1
2.44905597445614,1,1,1,1,1,1,2.44913668862596,1,1,1,1,1,1,2.44905597445614,1,1,1,1,1,1,2.44948974278318,1,1,1,1,1,1,2.44913668862596,1,1,1,1,1,1
